{
  "train_loss": [
    1.155905961528305,
    0.4427868984928427,
    0.3753297803706901,
    0.35717172158318894,
    0.348204133469005,
    0.3430216738650965,
    0.3407887745966283,
    0.34241306539191757,
    0.3391645908817764,
    0.33776353057040726,
    0.33706323386624804,
    0.33671809721362683,
    0.33638145052647406,
    0.3360858478749445,
    0.3355295644250027,
    0.3354650138653526,
    0.33557485540707904,
    0.3349634174459664,
    0.33475167772104575,
    0.33460813102334047,
    0.33466270600640496,
    0.3342872389065203,
    0.33425272319668026,
    0.3340331109226212,
    0.33833199092584065,
    0.33363252878189087,
    0.33330428380836813,
    0.33340721779553467,
    0.332908380285714,
    0.3328398504229479,
    0.3326974230450253,
    0.3325840018747389,
    0.3326414973698845,
    0.3321877778038498,
    0.33250219715658086,
    0.3323178686374842,
    0.33204599464124485,
    0.33189751542815865,
    0.33168994179067685,
    0.3317243794138117,
    0.33165136279985885,
    0.331316597932993,
    0.33136903812256896,
    0.33144642562829246,
    0.33142425142979437,
    0.33156829413979555,
    0.33119605377663014,
    0.3311193412126497,
    0.331259748501371,
    0.33084071179231006,
    0.33078372732613437,
    0.3307617601267127,
    0.33070230899855146,
    0.3303851605385773,
    0.3306784134271533,
    0.33075585568598076,
    0.3307282625473747,
    0.33065224825873857,
    0.33072982509006826,
    0.3307422007932219
  ],
  "train_ce": [
    1.1296350813882297,
    0.32712978702182915,
    0.24722605724205343,
    0.23045211741628574,
    0.22250822844893434,
    0.2177446702307509,
    0.21599834833958353,
    0.21743543457615283,
    0.21424017199712206,
    0.21365532215482505,
    0.2130938224321188,
    0.2128130058332007,
    0.2126269748275594,
    0.2123808504999146,
    0.21213528577440469,
    0.2119984287739724,
    0.21192737356867902,
    0.21167746567448906,
    0.21167031577391218,
    0.21155453149893488,
    0.21138086903464887,
    0.21133181643347407,
    0.21126578257296436,
    0.21117768315381782,
    0.21532642858666043,
    0.21104560417029283,
    0.21085289940815563,
    0.21064007051231326,
    0.21058376427999762,
    0.2103759702439456,
    0.21043906297332557,
    0.21044572125109592,
    0.2102625722339911,
    0.2100884734775669,
    0.21026777678219846,
    0.21020246141178664,
    0.21013824139223541,
    0.21011502890623818,
    0.2100554120748542,
    0.210240242035352,
    0.209892388693122,
    0.20976104789464048,
    0.2098357314171717,
    0.20977125461249388,
    0.20966837093118548,
    0.20980600065501162,
    0.20972072644982226,
    0.20963737166436144,
    0.20979262969290563,
    0.20951770315336626,
    0.20951301621836285,
    0.20952141625705614,
    0.2094062557516172,
    0.20931699640991153,
    0.20944571587466454,
    0.20959714915632277,
    0.20944254649008892,
    0.20942136610663215,
    0.209400334561518,
    0.2093838598261508
  ],
  "train_kl": [
    0.0262708760813319,
    0.11565711210633434,
    0.12810372304200202,
    0.1267196038203646,
    0.1256959068971549,
    0.1252770028546337,
    0.12479042683460916,
    0.1249776301804439,
    0.12492441813382067,
    0.1241082084155822,
    0.12396941094319949,
    0.12390509129379147,
    0.12375447567003642,
    0.12370499711512595,
    0.12339427943030994,
    0.12346658474484155,
    0.12364748258923375,
    0.12328595243567644,
    0.12308136264021083,
    0.12305359909123229,
    0.12328183720278185,
    0.12295542154894319,
    0.12298694071035053,
    0.12285542759553407,
    0.12300556242581485,
    0.12258692521804063,
    0.12245138500665509,
    0.12276714661902235,
    0.12232461557254311,
    0.12246388023675875,
    0.12225836030272551,
    0.12213828114345092,
    0.12237892545355383,
    0.12209930501936019,
    0.12223442031662593,
    0.12211540794765302,
    0.12190775345115698,
    0.12178248672406802,
    0.1216345291960147,
    0.12148413665650427,
    0.12175897439551908,
    0.12155555159777634,
    0.12153330653212792,
    0.12167516980291337,
    0.12175588015207024,
    0.12176229429337405,
    0.12147532674924348,
    0.12148196960604468,
    0.12146711872183075,
    0.12132300852343093,
    0.1212707103280596,
    0.12124034334984861,
    0.12129605368010757,
    0.12106816447520441,
    0.12123269723482834,
    0.1211587068761966,
    0.12128571539308673,
    0.12123088275854901,
    0.1213294904419156,
    0.12135834036062854
  ],
  "val_loss": [
    0.47250512447850457,
    0.3402864922737253,
    0.327911632842031,
    0.3227644346911332,
    0.3225256810928213,
    0.32218779161058625,
    0.32133729704495134,
    0.3220306645179617,
    0.3197497643273452,
    0.31709600625367,
    0.32079964054041893,
    0.3185901549355737,
    0.32237993129368486,
    0.31968214594084643,
    0.32075594416980086,
    0.31772353011986304,
    0.31832313743130913,
    0.3214696882099941,
    0.3163695900604643,
    0.31917138654610205,
    0.3200971689717523,
    0.3174368708298124,
    0.3181681591888954,
    0.31886457060945445,
    0.31945496180961874,
    0.3201547306159447,
    0.3206314629521863,
    0.31974444820963105,
    0.3173616374361104,
    0.31807358408796377,
    0.31810879707336426,
    0.31766376721447914,
    0.31612193995508653,
    0.3186674426341879,
    0.3166404479536517,
    0.31900550681969214,
    0.3169317553783285,
    0.31717685481597635,
    0.31667678726130516,
    0.31859942962383403,
    0.3177124035769495,
    0.3170272512682553,
    0.31657883422128086,
    0.31617026801767023,
    0.31635402605451385,
    0.3167980169427806,
    0.31766329551565237,
    0.31650444865226746,
    0.31774973458257216,
    0.31658301579541176,
    0.3170108373822837,
    0.31725636432910786,
    0.3161512304996622,
    0.31659362747751435,
    0.31671147921989706,
    0.31690107953959495,
    0.31708748998313113,
    0.3165999763998492,
    0.31692620906336555,
    0.3169361291260555
  ],
  "val_csr": [
    {
      "epoch": 5,
      "overall_csr": 0.1246
    },
    {
      "epoch": 10,
      "overall_csr": 0.125
    },
    {
      "epoch": 15,
      "overall_csr": 0.1356
    },
    {
      "epoch": 20,
      "overall_csr": 0.1599
    },
    {
      "epoch": 25,
      "overall_csr": 0.1485
    },
    {
      "epoch": 30,
      "overall_csr": 0.1398
    },
    {
      "epoch": 35,
      "overall_csr": 0.1497
    },
    {
      "epoch": 40,
      "overall_csr": 0.1594
    },
    {
      "epoch": 45,
      "overall_csr": 0.1536
    },
    {
      "epoch": 50,
      "overall_csr": 0.1153
    },
    {
      "epoch": 55,
      "overall_csr": 0.1404
    },
    {
      "epoch": 60,
      "overall_csr": 0.1734
    }
  ]
}