{
  "d_loss": [
    0.5648937627904175,
    0.2550420735118001,
    0.17764731629412303,
    0.17767542329176453,
    0.17783233748618946,
    0.2377329398841821,
    0.2324514229630315,
    0.277109101876732,
    0.3222060644811438,
    0.30400457100350725,
    0.3621145496072695,
    0.3681509029264598,
    0.36763454084248504,
    0.32831503947575885,
    0.31623233635296194,
    0.314597429924233,
    0.3405366131039553,
    0.34776424795620203,
    0.3534211891797162,
    0.3574631952269133,
    0.36380320648814357,
    0.362811360710351,
    0.36459901617016904,
    0.3674761473901512,
    0.36942000629365906
  ],
  "g_loss": [
    0.9488346879334413,
    2.8975986510284186,
    3.9252531094144483,
    5.468575229940488,
    5.735305235367413,
    5.733779892440914,
    3.7616632104844085,
    4.359562969022943,
    2.802396243625833,
    2.9750314909358355,
    2.3608470381230346,
    2.6097852037858593,
    2.511080730793088,
    2.4278742948243783,
    2.6666146295015203,
    2.982411322667617,
    2.913667541141658,
    2.6431005842001865,
    2.363612813080928,
    2.3531215528185054,
    2.3011490143546762,
    2.20906799430995,
    2.252708526544793,
    2.1707837202752285,
    2.2391659386398257
  ],
  "d_real": [
    0.617313830542934,
    0.8638774577037308,
    0.8941474078699599,
    0.8920904555061991,
    0.8907879942147306,
    0.8547303891459177,
    0.8537735310635826,
    0.8286518690197967,
    0.8077441451623458,
    0.804244438345118,
    0.7651222773300584,
    0.7537266639776008,
    0.7485857994057411,
    0.7777836990448855,
    0.7886330166528391,
    0.7902309654294982,
    0.7688516297543696,
    0.7627475536608881,
    0.7596390988937644,
    0.7580889403357987,
    0.7528231407320777,
    0.753401596185773,
    0.7522272617779961,
    0.7507148974163588,
    0.74936821802642
  ],
  "d_fake": [
    0.40340769233167634,
    0.10313529585119943,
    0.01753086642932522,
    0.014565882879460966,
    0.013539175961848868,
    0.05721418011587027,
    0.05514548267165646,
    0.0818803462925432,
    0.11731477656091253,
    0.10673964933253997,
    0.14385797606073608,
    0.14837678651823555,
    0.15302806852977405,
    0.12717473599337792,
    0.11417570626435354,
    0.11144139565700709,
    0.13222131771288176,
    0.13853424443870552,
    0.141663803639569,
    0.14362517380437187,
    0.1480057951380578,
    0.14729052123635314,
    0.1486797692297503,
    0.15078800347770832,
    0.15153733421434729
  ],
  "val_csr": [
    {
      "epoch": 5,
      "overall_csr": 0.0
    },
    {
      "epoch": 10,
      "overall_csr": 0.001
    },
    {
      "epoch": 15,
      "overall_csr": 0.0053
    },
    {
      "epoch": 20,
      "overall_csr": 0.0523
    },
    {
      "epoch": 25,
      "overall_csr": 0.0901
    }
  ]
}