{
  "d_loss": [
    0.5949035393752793,
    0.2478473225189734,
    0.17086459690517233,
    0.17575862443493317,
    0.16789302102817122,
    0.17254986504251643,
    0.16382705235435058,
    0.1666409664953402,
    0.20442755127599996,
    0.3325660713305769,
    0.3216126671479654,
    0.2807583634474481,
    0.21516537030999974,
    0.2628159091569657,
    0.4301219672657723,
    0.42736858175706494,
    0.3648608362720918,
    0.382622471960016,
    0.3871361964432768,
    0.41783528364906014,
    0.475184452857158,
    0.49539221777010334,
    0.5145183064678843,
    0.5429432663575623,
    0.5624878686065822,
    0.5811629692713419,
    0.5870537908040276,
    0.5904062166232471,
    0.5979534616303999,
    0.6023561862087989,
    0.6007135478101036,
    0.6019571504389593,
    0.6013734987539838,
    0.6015317440032959,
    0.6003945067871449,
    0.6013909566772077,
    0.6052339495152466,
    0.6063400652519492,
    0.605641496504924,
    0.6043259697829106,
    0.6057153471218523,
    0.5872250639421995,
    0.6024489481319752,
    0.6025853552097498,
    0.6005910196045573,
    0.5997628384782362,
    0.6014109214608984,
    0.599821996781253,
    0.6000965336958567,
    0.598681849333667,
    0.5954139553761297,
    0.5963648183401241,
    0.6001460314259048,
    0.5973524007686349,
    0.5996794088404308,
    0.5970056807810022,
    0.5981431226859721,
    0.5978666331416876,
    0.5988940464895826,
    0.599432997001234,
    0.5986650775569354,
    0.6151404725026715,
    0.6171746073767196,
    0.6186683875645778,
    0.6261946099211079,
    0.634721422611281,
    0.6063238206759903,
    0.609532552403073,
    0.5934051644894504,
    0.6125648391339206,
    0.6015076669611672,
    0.5877113813577697,
    0.5893545744493026,
    0.577293818080148,
    0.5362229972153671,
    0.47688391435053923,
    0.479227975819462,
    0.4770653500806454,
    0.4954407517762147,
    0.5533441446086232,
    0.5483081070489662,
    0.5638784992602445,
    0.5848713713560918,
    0.579089972399926,
    0.5748462704725044,
    0.5705342142618903,
    0.5692917468935944,
    0.5710807585901068,
    0.5986296123312426,
    0.5747294684713201,
    0.5695969952169315,
    0.5665831182354181,
    0.5639670488908309,
    0.5668726177640664,
    0.5727587307608405,
    0.5703385768010635,
    0.5714969001999197,
    0.5614642251369565,
    0.5589001482540323,
    0.569239289261574
  ],
  "g_loss": [
    0.9125039307183997,
    3.087641041177188,
    4.479286165200462,
    5.693615540053493,
    5.473776618639628,
    5.966264576874962,
    7.148100431575331,
    6.42366540339566,
    5.780951334986576,
    3.3642479999120845,
    2.2234063684478285,
    2.9339081811350445,
    3.915078262025996,
    1.7149369501790335,
    2.0153429568275927,
    1.9411987519079401,
    2.338062864403392,
    2.4530002585677213,
    2.3270656725232914,
    2.1043507780215536,
    1.5005389447360076,
    1.2831388014231542,
    1.1337258529293446,
    1.099856460741324,
    1.0014013091261074,
    0.9430960019429525,
    0.9310195993545444,
    0.9283293055933576,
    0.9489150229812593,
    0.9590722636659016,
    0.9721481190171353,
    0.9767771908479144,
    0.9879354931587396,
    0.9904080945854039,
    0.9964928426021753,
    0.9992344238499339,
    0.9907899773860163,
    0.9906413712242778,
    1.0036470319411552,
    1.0001240178596142,
    0.9984748726205308,
    1.1212644574716109,
    0.9912131957767546,
    0.995911523122196,
    1.0028841604096022,
    1.0112113407415937,
    1.0115384013615838,
    1.0098113526207533,
    1.0142321408719055,
    1.0175895256589549,
    1.0454658503218215,
    1.0349466456461323,
    1.006477535233017,
    1.0061839102774628,
    1.0035335236741592,
    1.0079064976799397,
    1.0129177956156028,
    1.013465319724046,
    1.0201494707617649,
    1.016606101925059,
    1.0109524285608484,
    0.9882110555966696,
    0.9632172926451809,
    0.960558777862741,
    0.9496588284193084,
    0.9684506259685339,
    1.0467361269533173,
    1.0313719617303951,
    1.1559670331866243,
    1.021879372439643,
    1.0283973870813385,
    1.0877209585304408,
    1.064449977043063,
    1.150262718283853,
    1.2924978335698445,
    1.5029824061911234,
    1.4677617614583451,
    1.4766332326933396,
    1.397472892620767,
    1.2108455078546392,
    1.2276026347810909,
    1.1830995313880979,
    1.0978938239489415,
    1.1165983293407646,
    1.1309835402540458,
    1.1445702942766884,
    1.1480310693267703,
    1.1390765009000319,
    1.077696484188701,
    1.1379298281299977,
    1.141444296799889,
    1.1430804082589556,
    1.1467383582462636,
    1.143586895262548,
    1.1366306746652883,
    1.1364172734031381,
    1.129118415736413,
    1.1239324223625569,
    1.1607187602871147,
    1.141986213451208
  ],
  "d_real": [
    0.5988096278305202,
    0.8640791272470193,
    0.8974599750467049,
    0.8932265412899875,
    0.8976117460302604,
    0.8955987003422523,
    0.8994783029075741,
    0.89713188012441,
    0.8813936825870543,
    0.7959963071715924,
    0.798116725313571,
    0.8221855819687363,
    0.8724538896434991,
    0.8364939139794934,
    0.6924231186393619,
    0.6894860688106034,
    0.7406269284181817,
    0.7274952413037766,
    0.7248707896517229,
    0.6991301818873531,
    0.6551153463448665,
    0.6368857871654422,
    0.6191370119882185,
    0.5932329675947973,
    0.5764812194099722,
    0.5595721546993699,
    0.5533649926037751,
    0.5498851156511972,
    0.5435367432213569,
    0.5389763798362525,
    0.5406840403181637,
    0.5387750531351844,
    0.5407071799732918,
    0.5399300640867662,
    0.5415497195813083,
    0.5403269770764565,
    0.5355737708335699,
    0.534726943041003,
    0.5357759182536325,
    0.535867162222086,
    0.5353826748770337,
    0.5504020332365998,
    0.5381126404963723,
    0.5385754175426424,
    0.5403303335341372,
    0.5406368663606718,
    0.5395827388116555,
    0.5397448493528736,
    0.5403759444868842,
    0.5412843985150951,
    0.5417130469351776,
    0.5432238040506377,
    0.539781238912612,
    0.5421450678692308,
    0.5400763856348141,
    0.5426077819609827,
    0.5414849963299063,
    0.5426262493512427,
    0.5399975851755734,
    0.5397422966337944,
    0.5412112185659335,
    0.5256846878648729,
    0.5219064225522123,
    0.5217995103015456,
    0.514129525584768,
    0.5040092951105547,
    0.5349181360283564,
    0.5300516904324524,
    0.5437226452568705,
    0.5292127889025119,
    0.538938200173452,
    0.5544092432242032,
    0.5509961325992909,
    0.5622313089610994,
    0.60325723008592,
    0.6627400127030159,
    0.6610437446786451,
    0.6622058280216631,
    0.644039382537206,
    0.5859398234260175,
    0.5918513568796853,
    0.5775837609472201,
    0.5554742817730867,
    0.5611937228561372,
    0.5659979360048161,
    0.5705307260040164,
    0.5704311162464378,
    0.5694469861512961,
    0.5386966474989588,
    0.5670500008403793,
    0.5701141861058021,
    0.5728901345138402,
    0.5765432669210804,
    0.5736378505248432,
    0.5674692833608435,
    0.5688200535238251,
    0.5684226321619611,
    0.575258121934048,
    0.5784411910892457,
    0.5709956554017326
  ],