{
  "g_loss": [
    0.01808616114679233,
    1.028704663579778,
    0.5184914276234863,
    0.9218512155519899,
    1.028933210948179,
    0.7732984233618707,
    0.7265316850917284,
    0.5462231872559979,
    0.27879651764393315,
    0.5608635901134144,
    0.7471013271444759,
    0.39906714845073316,
    0.9122327723388755,
    0.6351646677872469,
    0.935280917602223,
    0.3726666356877301,
    0.4231067784708138,
    1.0280217506395755,
    0.44313742657906785,
    0.3446883663766144,
    0.7908174256368201,
    0.3857394771202821,
    0.7645479910393325,
    0.847291134211213,
    1.080668944056875
  ],
  "d_loss": [
    0.20002120196126227,
    0.2825263734011687,
    0.28632816314235215,
    0.34206698147594466,
    0.4723948051994161,
    0.593195198695789,
    0.6370223527268846,
    0.6393571345843085,
    0.6653311123219572,
    0.6256696297678837,
    0.6506480787151544,
    0.6730933729992357,
    0.614768641401631,
    0.6487080494100733,
    0.6339403968448787,
    0.6757927257423253,
    0.6745286186536154,
    0.5850723254126172,
    0.6707373989182849,
    0.6796968004038167,
    0.6456910420295804,
    0.6581422996151355,
    0.6522927117902179,
    0.6237174304880837,
    0.637524216674095
  ],
  "d_real": [
    0.8748558718104695,
    0.803792089916939,
    0.7997717478478602,
    0.7511099311270455,
    0.6396377969157788,
    0.5383579600457997,
    0.4980644663405973,
    0.49189239081948305,
    0.4729066988987516,
    0.5035545859456987,
    0.48670789934405984,
    0.4631572946790577,
    0.512704941768979,
    0.4857345597688542,
    0.49957633411237434,
    0.4651626132486403,
    0.4630089137674302,
    0.5378277473902517,
    0.46941758807777434,
    0.46198614138041355,
    0.48623933983865636,
    0.47140668367230615,
    0.487143646954566,
    0.5052585184805153,
    0.4932730966067129
  ],
  "d_fake": [
    0.033186846045874664,
    0.09578903494113984,
    0.10052374382178451,
    0.14474260422957036,
    0.2580956691341807,
    0.36471978332414184,
    0.4032447485960731,
    0.4073365529378255,
    0.4291005741025126,
    0.3925118952296501,
    0.41818754894788873,
    0.43513650441354557,
    0.3818394998593848,
    0.4135205102290294,
    0.40197003742521126,
    0.4390887240337771,
    0.4357145980809086,
    0.35792198095672817,
    0.4327714830174927,
    0.4430747088766837,
    0.4130590194186499,
    0.41841586465521374,
    0.41831178408722547,
    0.39212332839189573,
    0.40394117977730065
  ],
  "val_csr": [
    {
      "epoch": 5,
      "overall_csr": 0.0911
    },
    {
      "epoch": 10,
      "overall_csr": 0.1054
    },
    {
      "epoch": 15,
      "overall_csr": 0.1383
    },
    {
      "epoch": 20,
      "overall_csr": 0.1272
    },
    {
      "epoch": 25,
      "overall_csr": 0.1353
    }
  ]
}