{
  "train_total": [
    0.06806757148037586,
    0.03459798329502575,
    0.028544653127648572,
    0.026800659579015517,
    0.026159744370411072,
    0.025894948165834875,
    0.025756226830877537,
    0.02574993458453768,
    0.025646445002089176,
    0.025526887282382612,
    0.02550033578114916,
    0.02533392198095026,
    0.02549914951443441,
    0.02525650649945172,
    0.025190906837409318,
    0.025350234045307767,
    0.02520892508472352,
    0.025332474373569783,
    0.02524805087740569,
    0.025322642617736212,
    0.02512734372515318,
    0.02518200826679551,
    0.02507216865990975,
    0.02519873904367519,
    0.025112806920453097,
    0.02506849872915782,
    0.02516923453514428,
    0.025045080319797807,
    0.025082168342588945,
    0.02499007531116868
  ],
  "train_vlb": [
    0.05405901264139386,
    0.028889919299083626,
    0.024220716186560864,
    0.022780683786832085,
    0.02224498507097479,
    0.022031043352949066,
    0.021907672885256683,
    0.021931405583497626,
    0.021838924934177897,
    0.021730573017641093,
    0.021723517700452215,
    0.0215752121104404,
    0.021725972154170506,
    0.02149805002809726,
    0.021458636045224907,
    0.021586931996451793,
    0.021463809931982856,
    0.021582464081083618,
    0.02151856675397518,
    0.021579754315027896,
    0.0214133575241002,
    0.02146438775627419,
    0.021338277720203695,
    0.021483657282394493,
    0.021407302981603517,
    0.021357527724647708,
    0.021459247635374237,
    0.02133013518137294,
    0.02136895162334969,
    0.021298454648475778
  ],
  "train_ce": [
    1.400855922190718,
    0.5708064137734183,
    0.4323937028877495,
    0.40199759383072226,
    0.39147594316985257,
    0.3863904925510865,
    0.38485540853914363,
    0.381852907843368,
    0.38075202125911567,
    0.37963143753450973,
    0.3776818161555963,
    0.37587099770704907,
    0.37731775179389837,
    0.3758456631917362,
    0.3732270887193754,
    0.3763302182273347,
    0.374511525496956,
    0.37500103973141014,
    0.3729484253382498,
    0.37428883746150854,
    0.3713986319164897,
    0.371762071815572,
    0.373389100612596,
    0.37150818421397097,
    0.37055040526297667,
    0.37109710564909054,
    0.3709986961858217,
    0.3714945233145425,
    0.3713216812804688,
    0.3691620833651964
  ],
  "val_total": [
    0.04250663287680725,
    0.029189127079885583,
    0.0269490296085333,
    0.026662792303952677,
    0.025901593524834204,
    0.025586136648881024,
    0.025237662332325148,
    0.025645166378596734,
    0.02542141272590078,
    0.02527913611767621,
    0.02525044129840259,
    0.025119340817989975,
    0.025361891707469678,
    0.025298759084323358,
    0.025457729938729055,
    0.025192715869895344,
    0.02487888090826314,
    0.0252318290415509,
    0.02543843865137676,
    0.025014107404597873,
    0.025398498529504085,
    0.02502551334428376,
    0.025200072033651943,
    0.024974970596617664,
    0.024928339532223242,
    0.025257466938988917,
    0.02477014938305164,
    0.02475033347205869,
    0.02505553867025622,
    0.025156766754286044
  ],
  "val_vlb": [
    0.03461830369357405,
    0.024692643112663566,
    0.022853668907593036,
    0.02275036159774353,
    0.022072276871266037,
    0.021703305622113162,
    0.021380354104370905,
    0.021829703437357115,
    0.02160193976657144,
    0.02152188777409751,
    0.021489316469122624,
    0.021363580342510652,
    0.02159809160592227,
    0.02153611016170732,
    0.021729002096529663,
    0.02143584718478137,
    0.021189033085929936,
    0.021506959957809282,
    0.021710985179605156,
    0.021321923247185248,
    0.021634841080883455,
    0.021303775880871147,
    0.02149829306992991,
    0.021276484725290333,
    0.021220801205470645,
    0.021520923758889067,
    0.02111726857978722,
    0.02107331599911739,
    0.021336740075514234,
    0.02145074564835121
  ],
  "val_ce": [
    0.7888328967423275,
    0.44964837822420844,
    0.4095360770307738,
    0.39124307550232984,
    0.38293167434889697,
    0.38828311192578285,
    0.38573085439616234,
    0.3815463226417015,
    0.3819473098064291,
    0.3757248469467821,
    0.3761124991137406,
    0.3755760542277632,
    0.37638001298082285,
    0.3762648979137684,
    0.3728727965519346,
    0.37568688084339275,
    0.3689847968775651,
    0.3724869201923239,
    0.3727453710704014,
    0.36921841214443074,
    0.3763657736367193,
    0.37217376869300317,
    0.37017791230103064,
    0.3698485986939792,
    0.37075383498750886,
    0.3736543295712307,
    0.36528809522760325,
    0.36770175962612545,
    0.3718798756599426,
    0.37060213191755886
  ],
  "val_csr": [
    {
      "epoch": 5,
      "overall_csr": 0.1453
    },
    {
      "epoch": 10,
      "overall_csr": 0.1354
    },
    {
      "epoch": 15,
      "overall_csr": 0.1479
    },
    {
      "epoch": 20,
      "overall_csr": 0.1418
    },
    {
      "epoch": 25,
      "overall_csr": 0.147
    },
    {
      "epoch": 30,
      "overall_csr": 0.1452
    }
  ],
  "guidance_sweep": {
    "0.0": {
      "overall_csr": 0.001,
      "diversity_score": 0.0474,
      "validity_rate": 0.991
    },
    "1.0": {
      "overall_csr": 0.1303,
      "diversity_score": 0.899,
      "validity_rate": 0.99
    },
    "2.0": {
      "overall_csr": 0.1449,
      "diversity_score": 0.9322,
      "validity_rate": 0.973
    },
    "4.0": {
      "overall_csr": 0.1509,
      "diversity_score": 0.9662,
      "validity_rate": 0.444
    }
  }
}